{"calculus": 2.0, "genetics": 2.0, "frontend": 4.0, "selenium": 4.0, "masters": 8.0, "backend": 11.82, "cleaning": 16.47, "nlp": 17.55, "simulation": 30.64, "teradata": 30.87, "analytics": 41.82, "math": 46.36999999999998, "algorithms": 64.28999999999996, "ml": 81.55999999999996, "mining": 110.60999999999996, "predictive": 126.44999999999997, "ai": 159.79999999999993, "bi": 189.71999999999986, "deep": 224.20999999999995, "testing": 241.4899999999998, "visualization": 257.6599999999998, "security": 275.69999999999993, "modeling": 307.7000000000001, "intelligence": 316.7500000000002, "language": 317.1300000000001, "machine": 376.4400000000004, "cloud": 385.44000000000057, "research": 413.00000000000034, "degree": 786.6000000000001, "analysis": 836.6800000000006}