{"django": 1.0, "d3": 1.0, "h2o": 1.0, "mysql": 1.0, "julia": 1.0, "scikit": 3.0, "pyspark": 3.41, "numpy": 4.0, "keras": 5.0, "postgres": 5.0, "ruby": 6.0, "angular": 6.0, "pytorch": 6.41, "node": 7.0, "tensorflow": 8.0, "perl": 8.0, "hbase": 9.0, "css": 9.0, "pig": 10.23, "html": 12.41, "matlab": 19.23, "javascript": 19.41, "spss": 24.82, "cassandra": 26.23, "english": 29.28, "ibm": 30.34, "apache": 39.33, "linux": 39.64, "mongo": 42.0, "docker": 43.23, "alteryx": 46.42999999999998, "scala": 53.64, "salesforce": 57.719999999999985, "redshift": 67.69, "hive": 76.32999999999998, "sas": 81.00999999999998, "git": 87.33999999999997, "oracle": 118.88999999999997, "hadoop": 131.34999999999997, "java": 143.71999999999997, "spark": 158.2899999999999, "r": 171.39999999999992, "aws": 176.5399999999999, "c": 199.81999999999988, "tableau": 221.31999999999994, "excel": 221.77999999999992, "azure": 242.70999999999987, "python": 475.3900000000008, "sql": 572.4600000000008}