{"networking": 13.82, "thinking": 69.68999999999998, "consulting": 105.78999999999998, "presentation": 154.25999999999993, "agile": 227.26999999999984, "leadership": 331.19000000000017, "strategy": 448.60000000000076, "communication": 561.5100000000011, "management": 960.6500000000009}